Number,Name,Result
1808,Simon,4
1808,Ika,4
1808,Jirka,4
1808,Koli,5
1808,morrelo,5
1808,Michael,6
1807,Michael,4
1807,morrelo,4
1807,Ika,4
1807,Koli,5
1807,Simon,5
1806,Simon,3
1806,Koli,3
1806,morrelo,5
1806,Michael,5
1805,Simon,3
1805,Michael,4
1805,Ika,4
1805,Koli,4
1805,morrelo,5
1804,morrelo,4
1804,Michael,4
1804,Simon,5
1804,Koli,6
1804,Ika,6
1803,Koli,4
1803,Michael,4
1803,Ika,4
1803,Simon,5
1803,morrelo,5
1802,Simon,4
1802,morrelo,5
1802,Ika,5
1802,Koli,6
1802,Michael,6
1801,Michael,4
1801,Ika,4
1801,Simon,4
1801,morrelo,5
1801,Koli,6
1800,Ika,3
1800,morrelo,4
1800,Michael,4
1800,Koli,5
1799,Koli,4
1799,morrelo,4
1799,Michael,4
1798,Michael,3
1798,Simon,3
1798,Koli,4
1798,morrelo,6
1798,Ika,6
1797,Ika,3
1797,Simon,4
1797,Koli,4
1797,morrelo,5
1797,Michael,7
1796,Michael,3
1796,morrelo,4
1796,Simon,4
1796,Koli,4
1795,Simon,3
1795,Koli,4
1795,Ika,4
1795,Michael,5
1794,Koli,2
1794,morrelo,3
1794,Simon,4
1794,Ika,4
1794,Michael,4
1793,Koli,4
1793,morrelo,5
1793,Michael,5
1793,Ika,5
1792,Michael,4
1792,morrelo,5
1792,Koli,5
1791,morrelo,3
1791,Ika,3
1791,Koli,4
1791,Simon,4
1791,Michael,4
1790,Koli,5
1790,Simon,5
1790,Ika,5
1790,Michael,5
1790,morrelo,7
1789,Koli,5
1789,Simon,5
1789,Ika,5
1789,Michael,6
1789,morrelo,7
1788,Michael,3
1788,Simon,4
1788,Koli,4
1788,morrelo,6
1787,Ika,4
1787,Koli,5
1787,morrelo,5
1787,Michael,5
1787,Simon,6
1786,Koli,3
1786,Michael,5
1786,Ika,6
1786,morrelo,7
1786,Simon,7
1785,Koli,3
1785,morrelo,4
1785,Ika,4
1784,Michael,4
1784,Ika,5
1784,morrelo,5
1784,Koli,6
1783,morrelo,3
1783,Koli,7
1783,Michael,7
1783,Ika,7
1782,Ika,4
1782,Simon,4
1782,Michael,5
1782,morrelo,7
1782,Koli,7
1781,morrelo,3
1781,Koli,4
1781,Michael,5
1781,Ika,5
1780,Simon,4
1780,Koli,5
1780,morrelo,5
1780,Ika,5
1780,Michael,6
1779,Koli,2
1779,morrelo,5
1779,Ika,5
1779,Michael,6
1778,Koli,3
1778,morrelo,3
1778,Ika,3
1778,Michael,4
1778,Simon,7
1777,Koli,3
1777,Simon,4
1777,morrelo,5
1776,Ika,4
1776,Michael,5
1776,morrelo,5
1776,Simon,5
1776,Koli,6
1775,Simon,4
1775,Koli,4
1775,morrelo,5
1775,Michael,7
1774,Ika,4
1774,Simon,4
1774,morrelo,4
1774,Michael,5
1774,Koli,5
1773,Koli,5
1773,morrelo,5
1773,Ika,5
1773,Simon,7
1773,Michael,7
1772,Ika,3
1772,Koli,3
1772,Simon,4
1772,Michael,5
1772,morrelo,5
1771,Koli,4
1771,Ika,4
1771,Simon,5
1771,Michael,7
1770,morrelo,3
1770,Ika,4
1770,Simon,4
1770,Koli,4
1770,Michael,5
1769,Ika,4
1769,Simon,5
1769,morrelo,5
1769,Koli,5
1769,Michael,6
1768,Koli,2
1768,Simon,3
1768,morrelo,5
1768,Michael,5
1768,Ika,6
1767,Michael,3
1767,Simon,4
1767,Ika,4
1767,morrelo,4
1767,Koli,5
1766,Ika,4
1766,Michael,5
1766,Koli,5
1766,morrelo,5
1766,Simon,7
1765,Simon,2
1765,Koli,3
1765,morrelo,3
1765,Michael,4
1765,Ika,4
1764,Simon,3
1764,morrelo,3
1764,Ika,4
1764,Michael,5
1764,Koli,5
1763,morrelo,3
1763,Koli,4
1763,Simon,4
1763,Ika,5
1763,Michael,5
1762,Simon,3
1762,Michael,5
1762,morrelo,5
1762,Ika,6
1762,Koli,6
1761,Koli,4
1761,Simon,4
1761,morrelo,5
1761,Michael,5
1760,morrelo,4
1760,Simon,5
1760,Michael,5
1760,Koli,5
1760,Ika,6
1759,Simon,3
1759,morrelo,4
1759,Michael,5
1759,Koli,5
1759,Ika,6
1758,Koli,4
1758,morrelo,4
1758,Simon,5
1757,morrelo,3
1757,Michael,4
1757,Simon,4
1757,Koli,5
1757,Ika,6
1756,Ika,4
1756,Michael,4
1756,Koli,6
1756,Simon,6
1756,morrelo,6
1755,Simon,3
1755,Koli,3
1755,morrelo,4
1755,Michael,5
1755,Ika,5
1754,Simon,4
1754,Koli,4
1754,Ika,4
1754,morrelo,5
1754,Michael,6
1753,morrelo,5
1753,Michael,6
1753,Ika,6
1753,Koli,6
1752,morrelo,3
1752,Koli,4
1752,Simon,5
1751,Simon,4
1751,Ika,4
1751,Koli,5
1751,morrelo,5
1751,Michael,6
1750,Koli,3
1750,Michael,4
1749,morrelo,5
1749,Simon,5
1749,Koli,6
1749,Michael,6
1749,Ika,7
1748,Simon,3
1748,morrelo,4
1748,Koli,4
1747,Simon,4
1747,morrelo,5
1747,Ika,6
1747,Koli,7
1747,Michael,7
1746,Koli,4
1746,morrelo,4
1746,Michael,4
1746,Simon,5
1746,Ika,6
1745,Koli,3
1745,Simon,4
1745,Michael,4
1745,morrelo,4
1744,morrelo,3
1744,Koli,3
1744,Ika,4
1744,Simon,4
1744,Michael,5
1743,Ika,3
1743,Simon,4
1743,morrelo,4
1743,Koli,5
1743,Michael,6
1742,Ika,4
1742,Simon,4
1742,Michael,5
1742,Koli,5
1742,morrelo,5
1741,Simon,4
1741,Michael,5
1741,Koli,5
1741,morrelo,5
1741,Ika,6
1740,Koli,4
1740,Michael,4
1740,morrelo,4
1740,Simon,5
1740,Ika,7
1739,morrelo,4
1739,Michael,5
1739,Simon,5
1739,Koli,5
1739,Ika,6
1738,Koli,3
1738,Ika,4
1738,Michael,5
1738,morrelo,5
1737,morrelo,3
1737,Simon,4
1737,Koli,5
1737,Ika,5
1737,Michael,6
1736,Koli,3
1736,Michael,4
1736,morrelo,4
1736,Ika,5
1735,Ika,3
1735,Michael,4
1735,morrelo,4
1735,Simon,5
1735,Koli,5
1734,Koli,3
1734,Ika,4
1734,morrelo,4
1734,Simon,5
1734,Michael,6
1733,Simon,2
1733,Ika,3
1733,morrelo,4
1733,Michael,5
1733,Koli,5
1732,Simon,3
1732,Michael,4
1732,Koli,4
1732,Ika,4
1732,morrelo,4
1731,Koli,2
1731,Simon,3
1731,morrelo,3
1731,Ika,4
1731,Michael,5
1730,Michael,4
1730,morrelo,4
1730,Koli,4
1730,Simon,4
1730,Ika,4
1729,morrelo,4
1729,Michael,5
1729,Ika,5
1729,Simon,6
1729,Koli,7
1728,Koli,3
1728,Simon,4
1728,morrelo,5
1728,Ika,5
1728,Michael,7
1727,Simon,2
1727,Ika,4
1727,Koli,5
1727,Michael,5
1726,Michael,3
1726,Ika,3
1726,morrelo,3
1726,Simon,4
1726,Koli,5
1725,Simon,3
1725,Ika,4
1725,Michael,5
1725,Koli,5
1725,morrelo,7
1724,Michael,3
1724,Simon,4
1724,morrelo,4
1724,Koli,5
1724,Ika,6
1723,Koli,3
1723,morrelo,4
1723,Simon,4
1723,Ika,5
1723,Michael,7
1722,Michael,3
1722,Ika,3
1722,Simon,4
1722,morrelo,5
1722,Koli,5
1721,morrelo,4
1721,Ika,4
1721,Koli,6
1721,Simon,6
1721,Michael,7
1720,Simon,3
1720,morrelo,3
1720,Koli,6
1720,Ika,7
1719,Koli,3
1719,Ika,4
1719,morrelo,4
1718,Koli,4
1718,Ika,5
1718,Simon,6
1717,Koli,2
1717,Simon,3
1717,morrelo,3
1716,morrelo,4
1716,Simon,5
1716,Koli,7
1716,Ika,7
1715,Koli,4
1715,Simon,4
1715,Ika,5
1715,morrelo,6
1714,morrelo,5
1714,Koli,5
1714,Simon,5
1714,Ika,6
1713,Simon,4
1713,Ika,4
1713,morrelo,4
1713,Koli,5
1712,Simon,4
1712,morrelo,4
1712,Koli,5
1712,Ika,6
1711,Ika,4
1711,Koli,5
1711,Simon,6
1710,Simon,3
1710,morrelo,4
1710,Koli,6
1710,Ika,7
1709,morrelo,4
1709,Koli,5
1709,Ika,7
1708,Koli,5
1708,morrelo,5
1707,Koli,3
1707,morrelo,4
1707,Ika,4
1707,Simon,4
1706,morrelo,5
1706,Simon,5
1706,Ika,6
1706,Koli,7
1705,Koli,3
1705,Simon,3
1705,morrelo,4
1704,Simon,3
1704,Koli,4
1704,morrelo,4
1703,Koli,4
1703,Simon,5
1702,morrelo,3
1702,Koli,4
1702,Simon,4
1701,morrelo,4
1701,Koli,4
1701,Ika,7
1700,morrelo,4
1700,Simon,4
1700,Koli,5
1700,Ika,7
1699,Simon,3
1699,morrelo,3
1699,Koli,4
1699,Ika,7
1698,Koli,3
1698,Ika,3
1698,Simon,3
1698,morrelo,5
1697,Simon,5
1697,Ika,5
1696,Koli,4
1696,Ika,4
1696,morrelo,4
1696,Simon,5
1695,morrelo,3
1695,Koli,5
1695,Simon,5
1694,morrelo,3
1694,Simon,3
1694,Koli,5
1694,Ika,5
1693,Ika,3
1693,Koli,4
1693,Simon,5
1692,Simon,4
1692,morrelo,4
1692,Koli,4
1692,Ika,6
1691,morrelo,3
1691,Koli,5
1691,Simon,5
1691,Ika,6
1690,Simon,4
1690,Ika,4
1690,Koli,5
1689,Ika,2
1689,Simon,4
1689,Koli,4
1688,Koli,3
1688,morrelo,4
1688,Simon,4
1688,Ika,5
1687,Simon,3
1687,morrelo,4
1687,Koli,5
1687,Ika,5
1686,morrelo,5
1686,Simon,6
1686,Ika,6
1686,Koli,7
1685,Simon,3
1685,Koli,3
1685,Ika,4
1685,morrelo,4
1684,Ika,3
1684,morrelo,3
1684,Koli,4
1684,Simon,5
1683,Simon,4
1683,Koli,4
1683,Ika,6
1682,Simon,5
1682,morrelo,5
1682,Koli,7
1682,Ika,7
1681,morrelo,4
1681,Ika,7
1680,Koli,3
1680,morrelo,4
1680,Ika,6
1679,Simon,4
1679,morrelo,4
1679,Koli,5
1678,Simon,3
1678,Koli,5
1678,morrelo,5
1677,Simon,4
1677,morrelo,5
1677,Ika,5
1677,Koli,5
1676,Simon,3
1676,Koli,4
1676,Ika,5
1676,morrelo,5
1675,Simon,4
1675,Ika,5
1675,morrelo,6
1675,Koli,7
1674,Koli,4
1674,morrelo,4
1674,Simon,5
1674,Ika,6
1673,Koli,4
1673,Ika,4
1673,morrelo,6
1672,Simon,3
1672,Koli,3
1672,Ika,3
1672,morrelo,6
1671,Simon,4
1671,Koli,4
1671,Ika,6
1670,Simon,3
1670,morrelo,3
1670,Ika,4
1670,Koli,4
1669,Simon,4
1669,Ika,5
1669,Koli,5
1669,morrelo,5
1668,Simon,2
1668,Ika,3
1668,Koli,4
1668,morrelo,4
1667,Simon,3
1667,Koli,5
1667,morrelo,5
1666,morrelo,4
1666,Simon,4
1666,Koli,5
1665,Ika,2
1665,Simon,5
1665,Koli,5
1665,morrelo,7
1664,Koli,4
1664,morrelo,4
1664,Simon,5
1664,Ika,6
1663,Simon,3
1663,Koli,3
1663,morrelo,4
1663,Ika,5
1662,Simon,4
1662,morrelo,4
1662,Ika,5
1662,Koli,5
1661,Simon,4
1661,morrelo,4
1661,Ika,6
1661,Koli,7
1660,Koli,3
1660,morrelo,5
1659,morrelo,3
1659,Koli,4
1658,Koli,4
1658,Simon,6
1658,morrelo,6
1658,Ika,6
1657,morrelo,5
1657,Koli,6
1656,Koli,4
1656,Simon,4
1655,Ika,3
1655,morrelo,4
1655,Koli,5
1654,Koli,4
1654,morrelo,4
1654,Ika,7
1653,morrelo,3
1653,Koli,4
1653,Simon,5
1652,morrelo,4
1652,Koli,7
1652,Ika,7
1651,Koli,3
1651,Simon,3
1651,morrelo,3
1809,Simon,4
1809,Ika,5
1809,Jirka,5
1809,morrelo,5
1809,Koli,5
1809,Michael,5
1810,Simon,3
1810,Ika,4
1810,Jirka,4
1810,morrelo,4
1810,Michael,4
1810,Koli,5
1811,Ika,4
1811,Jirka,4
1811,Simon,4
1811,morrelo,4
1811,Michael,4
1811,Koli,5
1812,Ika,3
1812,Simon,4
1812,Michael,4
1812,Koli,5
1812,morrelo,5
1813,Koli,2
1813,Simon,3
1813,Michael,3
1813,Ika,4
1813,morrelo,4
1814,Simon,3
1814,Michael,3
1814,morrelo,3
1814,Koli,3
1814,Jirka,5
1814,Ika,7
1815,Michael,3
1815,morrelo,4
1815,Koli,4
1815,Simon,5
1815,Ika,6
1815,Jirka,6
1816,morrelo,3
1816,Ika,4
1816,Simon,4
1816,Koli,4
1816,Michael,4
1816,Jirka,6
1817,morrelo,3
1817,Michael,3
1817,Simon,3
1817,Jirka,4
1817,Koli,4
1817,Ika,5
1818,Michael,5
1818,morrelo,6
1818,Ika,6
1818,Koli,6
1818,Simon,7
1818,Jirka,7
1819,morrelo,3
1819,Koli,3
1819,Jirka,4
1819,Simon,4
1819,Michael,4
1819,Ika,7
1820,Simon,3
1820,morrelo,4
1820,Michael,4
1820,Koli,5
1820,Jirka,6
1820,Ika,4
1821,Ika,3
1821,Simon,3
1821,morrelo,3
1821,Michael,3
1821,Koli,4
1821,Jirka,5
1822,Ika,3
1822,Simon,4
1822,morrelo,4
1822,Koli,4
1822,Michael,4
1823,Simon,5
1823,Michael,5
1823,Ika,6
1823,Koli,6
1823,morrelo,6
1824,Koli,4
1824,Michael,4
1824,Ika,4
1824,morrelo,5
1824,Simon,5
1825,Michael,3
1825,morrelo,4
1825,Ika,4
1825,Koli,5
1825,Simon,5
1826,morrelo,3
1826,Michael,3
1826,Simon,4
1826,Koli,4
1826,Ika,5
1827,Simon,3
1827,Michael,3
1827,Ika,3
1827,Koli,4
1827,morrelo,4
1828,Simon,3
1828,Ika,3
1828,morrelo,4
1828,Michael,4
1828,Koli,5
1829,Michael,4
1829,Koli,4
1829,Ika,5
1829,morrelo,6
1829,Simon,6
1830,morrelo,4
1830,Ika,5
1830,Simon,5
1830,Koli,5
1830,Michael,5
1831,Simon,4
1831,morrelo,4
1831,Koli,5
1831,Michael,6
1831,Ika,7
1832,Michael,3
1832,Ika,3
1832,morrelo,3
1832,Simon,4
1832,Koli,5
1833,Ika,3
1833,morrelo,3
1833,Michael,3
1833,Simon,4
1833,Koli,6
1834,Koli,3
1834,Simon,4
1834,Ika,4
1834,morrelo,5
1834,Michael,5
1835,Simon,4
1835,Michael,4
1835,morrelo,5
1835,Ika,6
1835,Koli,7
1836,Simon,3
1836,Michael,4
1836,Ika,4
1836,morrelo,4
1836,Koli,6
1837,Ika,4
1837,Simon,4
1837,Michael,5
1837,Koli,7
1837,morrelo,6
1838,Michael,4
1838,Simon,5
1838,Koli,5
1838,Ika,5
1838,morrelo,5
1839,Simon,4
1839,Koli,4
1839,Michael,4
1839,Ika,6
1839,morrelo,6
1840,morrelo,3
1840,Michael,3
1840,Simon,4
1840,Koli,4
1840,Ika,5
1841,Simon,4
1841,Michael,4
1841,Koli,4
1841,morrelo,4
1841,Ika,4
1842,morrelo,3
1842,Ika,3
1842,Simon,4
1842,Michael,4
1842,Koli,6
1843,morrelo,3
1843,Ika,4
1843,Michael,5
1843,Simon,6
1843,Koli,7
1844,Koli,3
1844,morrelo,3
1844,Ika,4
1844,Michael,5
1845,Michael,3
1845,Simon,3
1845,morrelo,3
1845,Koli,4
1845,Ika,5
1846,Simon,2
1846,Michael,3
1846,Ika,3
1846,Koli,4
1846,morrelo,5
1847,Koli,3
1847,Michael,3
1847,morrelo,4
1847,Ika,5
1847,Simon,6
1848,Michael,3
1848,Koli,4
1848,morrelo,4
1848,Simon,4
1849,Ika,3
1849,morrelo,3
1849,Michael,4
1849,Koli,4
1849,Simon,5
1850,Simon,3
1850,Koli,4
1850,Michael,5
1850,morrelo,6
1851,Koli,3
1851,Simon,3
1851,Michael,4
1851,Ika,4
1851,morrelo,5
1852,Ika,4
1852,Simon,4
1852,morrelo,4
1852,Michael,5
1852,Koli,5
1853,Michael,4
1853,Koli,4
1853,Ika,4
1853,Simon,5
1853,morrelo,6
1854,morrelo,3
1854,Simon,3
1854,Ika,4
1854,Michael,4
1854,Koli,6
1855,Simon,4
1855,Michael,4
1855,morrelo,5
1855,Koli,5
1856,Michael,2
1856,Koli,3
1856,Simon,4
1856,morrelo,4
1856,Ika,4
1857,Michael,5
1857,morrelo,6
1857,Koli,6
1857,Ika,6
1857,Simon,7
1858,Ika,2
1858,morrelo,3
1858,Koli,5
1858,Michael,6
1858,Simon,6
1859,morrelo,4
1859,Michael,4
1859,Simon,5
1859,Koli,5
1859,Ika,6
1860,Simon,3
1860,Michael,3
1860,Koli,4
1860,morrelo,5
1860,Ika,5
1861,Michael,4
1861,Koli,5
1861,Simon,5
1861,morrelo,5
1861,Ika,6
1862,Koli,3
1862,Michael,3
1862,morrelo,3
1863,Simon,3
1863,Koli,4
1863,Michael,4
1863,Ika,6
1863,morrelo,6
1862,Simon,7
1864,Koli,3
1864,Michael,4
1864,Simon,5
1864,morrelo,5
1865,Simon,2
1865,Koli,3
1865,Michael,3
1865,morrelo,4
1866,morrelo,4
1866,Michael,4
1866,Simon,5
1866,Koli,5
1867,Simon,4
1867,morrelo,4
1867,Koli,4
1867,Michael,5
1868,morrelo,4
1868,Simon,3
1869,Simon,3
1869,Koli,4
1869,morrelo,4
1869,Michael,6
1870,Michael,3
1870,morrelo,3
1870,Koli,4
1871,Simon,3
1871,Michael,5